year,lifeExp
1952,44
1957,50.54896
1962,44.50136
1967,58.38112
1972,63.11888
1977,63.96736
1982,65.525
1987,67.274
1992,68.69
1997,70.426
2002,72.028
2007,72.961
